{
   "Name":"remap_leftvsright",
   "BIDSModelVersion":"1.0.0",
   "Description":"Test difference go signal press with left versus right hand timed at press.",
   "Input":{
      "task": ["stopsignal"]
   },
   "Nodes":[
      {
         "Level": "Run",
         "Name":"subject",
         "GroupBy":["subject"],
         "Transformations":{
            "Transformer": "pybids-transforms-v1",
            "Instructions": [
               {
                  "Name": "Factor",
                  "Input": ["response_hand"]
               },
               {
                  "Name": "Rename",
                  "Input": ["response_hand.left", "response_hand.right"],
                  "Output": ["left_hand", "right_hand"]
               },
               {
                  "Name":"Convolve",
                  "Input":["left_hand", "right_hand"],
                  "Model":"spm"
               }
            ]
         },
         "Model":{
            "X":["left_hand", "right_hand", "trans_*", "rot_*", 1],
            "Type": "glm"
         },
         "DummyContrasts": {
            "Conditions": ["left_hand", "right_hand"],
            "Test":"t"
         },
         "Contrasts": [
            {
               "Name":"left_bigger_than_right_re",
               "ConditionList": ["left_hand", "right_hand"],
               "Weights":[1, -1],
               "Test":"t"
            },
            {
               "Name":"right_bigger_than_left_re",
               "ConditionList": ["left_hand", "right_hand"],
               "Weights":[-1, 1],
               "Test":"t"
            },
            {
               "Name":"response_vs_baseline_re",
               "ConditionList":["left_hand", "right_hand"],
               "Weights":[0.5, 0.5],
               "Test":"t"
            },
            {
                "Name": "Movement_related_effects_re",
                    "ConditionList": ["trans_x", "trans_y", "trans_z", "rot_x", "rot_y", "rot_z"],
                    "Weights": [
                        [1,0,0,0,0,0],
                        [0,1,0,0,0,0],
                        [0,0,1,0,0,0],
                        [0,0,0,1,0,0],
                        [0,0,0,0,1,0],
                        [0,0,0,0,0,1]
                    ],
                    "Test": "F"
                }
         ]
      },
      {
         "Level": "Dataset",
         "Name": "t-test",
         "GroupBy": ["contrast"],
         "Model": {
            "X": [1],
            "Type": "glm"
         },
         "DummyContrasts": {
            "Contrasts": ["left_bigger_than_right_re", "right_bigger_than_left_re", "response_vs_baseline_re"],
            "Test":  "t"
         }
      },
      {
         "Level": "Dataset",
         "Name": "F-test",
         "GroupBy": [],
         "Model":{
            "X": ["left_hand", "right_hand"],
            "Type": "glm"
         },
         "Contrasts":[
            {
               "Name": "any_response_re",
               "ConditionList": ["left_hand", "right_hand"],
               "Weights": [[1, 0], [0, 1]],
               "Test": "F"
            }
         ]
      }
   ],
   "Edges":[
      {
         "Source":"subject",
         "Destination":"t-test",
         "Filter":{
            "contrast":["any_response_re", "left_bigger_than_right_re", "right_bigger_than_left_re"]
         }
      },
      {
         "Source":"subject",
         "Destination":"F-test",
         "Filter":{
            "contrast":["left_hand", "right_hand"]
         }
      }
   ]
}
