[{"split_events": {"n/a": {"onset_source": 0,
                            "duration": 4,
                            "copy_columns": [],
                            "move_columns": ["trial_type"]
                            },
                   "stop signal": {"onset_source": "stop_signal_delay",
                                   "duration": 0.5,
                                   "copy_columns": [],
                                   "move_columns": []
                                    },
                    "go signal": {"onset_source": 0,
                                  "duration": "duration",
                                  "copy_columns": [],
                                  "move_columns": ["sex"]
                                  },
                    "response": {"onset_source": "response_time",
                                 "duration": 0,
                                 "copy_columns": [],
                                 "move_columns": ["response_hand", "response_accuracy"]
                                 },
                    "remove_trial_parent": true
                  }
  },
 {"remove": ["stop_signal_delay", "response_time"]},
 {"order": ["onset", "duration", "trial_type", "event_type", "sex", "response_hand", "response_accuracy", "trial_number"]}
]